region,averaged_sales
Bangalore,3.01951219512195
Chennai,3.16267942583732
Kolkata,2.94472361809045
